<?xml version="1.0" encoding="UTF-8" ?>
<!DOCTYPE struts PUBLIC
    "-//Apache Software Foundation//DTD Struts Configuration 2.0//EN"
    "http://struts.apache.org/dtds/struts-2.0.dtd">
 
<struts>
    <constant name="struts.enable.DynamicMethodInvocation"
        value="false" />
    <constant name="struts.devMode" value="false" />
    <constant name="struts.custom.i18n.resources"
        value="ApplicationResources" />
 
    <package name="default" extends="struts-default" namespace="/">
        <action name="login"
            class="com.ActionLogin.LoginAction">
            <result name="success">products.jsp</result>
            <result name="error">index.jsp</result>
        </action>
        <action name="register"
            class="com.RegisterAction.RegisterAction">
            <result name="success">login.jsp</result>
            <result name="error">Registerd.jsp</result>
        </action>
    </package>
</struts>